<?xml version="1.0" encoding="UTF-8"?>
<feature id="org.jboss.ide.eclipse.freemarker.sdk.feature" label="%featureName" version="1.1.0.v201003050540R-H56-GA" provider-name="%featureProvider" plugin="org.jboss.ide.eclipse.freemarker">

     <description>
      %description
   </description>

     <copyright>
      %copyright
   </copyright>

     <license url="%licenseURL">
      %license
   </license>

     <includes id="org.jboss.ide.eclipse.freemarker.feature" version="1.1.0.v201003050540R-H56-GA"/>

     <includes id="org.jboss.ide.eclipse.freemarker.source.feature" version="1.1.0.v201003050540R-H56-GA"/>

</feature>